"position","column","origin","role"
"1","ID","encuesta","clave"
"2","C2_01","encuesta","candidato_revisar_antes_modelar"
"3","actividad_pricipal_codigo_V1","encuesta","candidato_revisar_antes_modelar"
"4","actividad1_codigo_v1","encuesta","candidato_revisar_antes_modelar"
"5","actividad2_codigo_v1","encuesta","candidato_revisar_antes_modelar"
"6","S00_01_A","encuesta","objetivo_elegido"
"7","S01_01_A","encuesta","candidato_revisar_antes_modelar"
"8","S01_01_B","encuesta","candidato_revisar_antes_modelar"
"9","S01_01_C","encuesta","candidato_revisar_antes_modelar"
"10","S01_02_A","encuesta","candidato_revisar_antes_modelar"
"11","S01_02_B","encuesta","candidato_revisar_antes_modelar"
"12","S01_02_C","encuesta","candidato_revisar_antes_modelar"
"13","S01_03_A","encuesta","candidato_revisar_antes_modelar"
"14","S01_03_B","encuesta","candidato_revisar_antes_modelar"
"15","S01_03_C","encuesta","candidato_revisar_antes_modelar"
"16","S01_04_A","encuesta","candidato_revisar_antes_modelar"
"17","S01_04_B","encuesta","candidato_revisar_antes_modelar"
"18","S01_05_A","encuesta","candidato_revisar_antes_modelar"
"19","S01_05_B","encuesta","candidato_revisar_antes_modelar"
"20","S01_06","encuesta","candidato_revisar_antes_modelar"
"21","S01_07","encuesta","candidato_revisar_antes_modelar"
"22","S01_08","encuesta","candidato_revisar_antes_modelar"
"23","S01_09","encuesta","candidato_revisar_antes_modelar"
"24","S01_10","encuesta","candidato_revisar_antes_modelar"
"25","S01_10E","encuesta","candidato_revisar_antes_modelar"
"26","S01_11","encuesta","candidato_revisar_antes_modelar"
"27","S01_12","encuesta","candidato_revisar_antes_modelar"
"28","S01_13","encuesta","candidato_revisar_antes_modelar"
"29","S01_13E","encuesta","candidato_revisar_antes_modelar"
"30","S01_14","encuesta","candidato_revisar_antes_modelar"
"31","S02_01","encuesta","candidato_revisar_antes_modelar"
"32","S02_02","encuesta","candidato_revisar_antes_modelar"
"33","S02_03","encuesta","candidato_revisar_antes_modelar"
"34","S02_04","encuesta","candidato_revisar_antes_modelar"
"35","S02_05","encuesta","candidato_revisar_antes_modelar"
"36","S02_06","encuesta","candidato_revisar_antes_modelar"
"37","S02_07","encuesta","candidato_revisar_antes_modelar"
"38","S02_08","encuesta","candidato_revisar_antes_modelar"
"39","S02_08E","encuesta","candidato_revisar_antes_modelar"
"40","S02_09","encuesta","candidato_revisar_antes_modelar"
"41","S03_01","encuesta","candidato_revisar_antes_modelar"
"42","S03_02","encuesta","candidato_revisar_antes_modelar"
"43","S03_03","encuesta","candidato_revisar_antes_modelar"
"44","S04_01","encuesta","candidato_revisar_antes_modelar"
"45","S04_02","encuesta","candidato_revisar_antes_modelar"
"46","S04_03","encuesta","candidato_revisar_antes_modelar"
"47","S04_04","encuesta","candidato_revisar_antes_modelar"
"48","S04_05","encuesta","candidato_revisar_antes_modelar"
"49","S04_06","encuesta","candidato_revisar_antes_modelar"
"50","S04_07","encuesta","candidato_revisar_antes_modelar"
"51","S04_08","encuesta","candidato_revisar_antes_modelar"
"52","S04_09","encuesta","candidato_revisar_antes_modelar"
"53","S04_10","encuesta","candidato_revisar_antes_modelar"
"54","S04_11","encuesta","candidato_revisar_antes_modelar"
"55","S04_12","encuesta","candidato_revisar_antes_modelar"
"56","S04_13","encuesta","candidato_revisar_antes_modelar"
"57","S04_14","encuesta","candidato_revisar_antes_modelar"
"58","S04_15","encuesta","candidato_revisar_antes_modelar"
"59","S04_16","encuesta","candidato_revisar_antes_modelar"
"60","S04_17","encuesta","candidato_revisar_antes_modelar"
"61","S04_18","encuesta","candidato_revisar_antes_modelar"
"62","S04_19","encuesta","candidato_revisar_antes_modelar"
"63","S04_19E","encuesta","candidato_revisar_antes_modelar"
"64","S04_20","encuesta","candidato_revisar_antes_modelar"
"65","S04_21A","encuesta","candidato_revisar_antes_modelar"
"66","S04_21B","encuesta","candidato_revisar_antes_modelar"
"67","S04_21C","encuesta","candidato_revisar_antes_modelar"
"68","S04_21D","encuesta","candidato_revisar_antes_modelar"
"69","S04_21E","encuesta","candidato_revisar_antes_modelar"
"70","S04_21F","encuesta","candidato_revisar_antes_modelar"
"71","S04_22A","encuesta","candidato_revisar_antes_modelar"
"72","S04_22B","encuesta","candidato_revisar_antes_modelar"
"73","S04_22C","encuesta","candidato_revisar_antes_modelar"
"74","S04_22D","encuesta","candidato_revisar_antes_modelar"
"75","S04_22E","encuesta","candidato_revisar_antes_modelar"
"76","S04_22F","encuesta","candidato_revisar_antes_modelar"
"77","S05_01","encuesta","componente_objetivo_no_predictor"
"78","S05_02","encuesta","componente_objetivo_no_predictor"
"79","S05_03","encuesta","componente_objetivo_no_predictor"
"80","S05_04","encuesta","conciliacion_no_predictor"
"81","S06_01_A","encuesta","candidato_revisar_antes_modelar"
"82","S06_01_B","encuesta","candidato_revisar_antes_modelar"
"83","S06_02_A","encuesta","candidato_revisar_antes_modelar"
"84","S06_02_B","encuesta","candidato_revisar_antes_modelar"
"85","S06_03_A","encuesta","candidato_revisar_antes_modelar"
"86","S06_03_B","encuesta","candidato_revisar_antes_modelar"
"87","S06_04_A","encuesta","candidato_revisar_antes_modelar"
"88","S06_04_B","encuesta","candidato_revisar_antes_modelar"
"89","S06_05_A","encuesta","candidato_revisar_antes_modelar"
"90","S06_05_B","encuesta","candidato_revisar_antes_modelar"
"91","S06_06_A","encuesta","candidato_revisar_antes_modelar"
"92","S06_06_B","encuesta","candidato_revisar_antes_modelar"
"93","S07_01_A","encuesta","candidato_revisar_antes_modelar"
"94","S07_01_B","encuesta","candidato_revisar_antes_modelar"
"95","S07_01_C","encuesta","candidato_revisar_antes_modelar"
"96","S07_01_D","encuesta","candidato_revisar_antes_modelar"
"97","S07_01_E","encuesta","candidato_revisar_antes_modelar"
"98","S07_01_F","encuesta","candidato_revisar_antes_modelar"
"99","S07_02_A","encuesta","candidato_revisar_antes_modelar"
"100","S07_02_B","encuesta","candidato_revisar_antes_modelar"
"101","S07_02_C","encuesta","candidato_revisar_antes_modelar"
"102","S07_02_D","encuesta","candidato_revisar_antes_modelar"
"103","S07_02_E","encuesta","candidato_revisar_antes_modelar"
"104","S07_02_F","encuesta","candidato_revisar_antes_modelar"
"105","S07_03_A","encuesta","candidato_revisar_antes_modelar"
"106","S07_03_B","encuesta","candidato_revisar_antes_modelar"
"107","S07_03_C","encuesta","candidato_revisar_antes_modelar"
"108","S07_03_D","encuesta","candidato_revisar_antes_modelar"
"109","S07_03_E","encuesta","candidato_revisar_antes_modelar"
"110","S07_03_F","encuesta","candidato_revisar_antes_modelar"
"111","S07_04_A","encuesta","candidato_revisar_antes_modelar"
"112","S07_04_B","encuesta","candidato_revisar_antes_modelar"
"113","S07_04_C","encuesta","candidato_revisar_antes_modelar"
"114","S07_04_D","encuesta","candidato_revisar_antes_modelar"
"115","S07_04_E","encuesta","candidato_revisar_antes_modelar"
"116","S07_04_F","encuesta","candidato_revisar_antes_modelar"
"117","S07_05_A","encuesta","candidato_revisar_antes_modelar"
"118","S07_05_B","encuesta","candidato_revisar_antes_modelar"
"119","S07_05_C","encuesta","candidato_revisar_antes_modelar"
"120","S07_05_D","encuesta","candidato_revisar_antes_modelar"
"121","S07_05_E","encuesta","candidato_revisar_antes_modelar"
"122","S07_05_F","encuesta","candidato_revisar_antes_modelar"
"123","S07_06_A","encuesta","candidato_revisar_antes_modelar"
"124","S07_06_B","encuesta","candidato_revisar_antes_modelar"
"125","S07_06_C","encuesta","candidato_revisar_antes_modelar"
"126","S07_06_D","encuesta","candidato_revisar_antes_modelar"
"127","S07_06_E","encuesta","candidato_revisar_antes_modelar"
"128","S07_06_F","encuesta","candidato_revisar_antes_modelar"
"129","S07_07_A","encuesta","candidato_revisar_antes_modelar"
"130","S07_07_B","encuesta","candidato_revisar_antes_modelar"
"131","S07_07_C","encuesta","candidato_revisar_antes_modelar"
"132","S07_07_D","encuesta","candidato_revisar_antes_modelar"
"133","S07_07_E","encuesta","candidato_revisar_antes_modelar"
"134","S07_08_A","encuesta","candidato_revisar_antes_modelar"
"135","S07_08_B","encuesta","candidato_revisar_antes_modelar"
"136","S07_08_C","encuesta","candidato_revisar_antes_modelar"
"137","S07_08_D","encuesta","candidato_revisar_antes_modelar"
"138","S07_08_E","encuesta","candidato_revisar_antes_modelar"
"139","S07_08_F","encuesta","candidato_revisar_antes_modelar"
"140","S07_08_F1","encuesta","candidato_revisar_antes_modelar"
"141","S07_09_A","encuesta","candidato_revisar_antes_modelar"
"142","S07_09_B","encuesta","candidato_revisar_antes_modelar"
"143","S07_09_C","encuesta","candidato_revisar_antes_modelar"
"144","S07_09_D","encuesta","candidato_revisar_antes_modelar"
"145","S07_09_E","encuesta","candidato_revisar_antes_modelar"
"146","S07_09_F","encuesta","candidato_revisar_antes_modelar"
"147","S12_01_A","encuesta","candidato_revisar_antes_modelar"
"148","S12_01_B","encuesta","candidato_revisar_antes_modelar"
"149","S12_01_C","encuesta","candidato_revisar_antes_modelar"
"150","S12_02_A","encuesta","candidato_revisar_antes_modelar"
"151","S12_02_B","encuesta","candidato_revisar_antes_modelar"
"152","S12_02_C","encuesta","candidato_revisar_antes_modelar"
"153","VPA","derivado_local","excluido_hasta_auditoria_fuga"
"154","PC","derivado_local","excluido_hasta_auditoria_fuga"
"155","ISPOINF","derivado_local","excluido_hasta_auditoria_fuga"
"156","VIPP","derivado_local","excluido_hasta_auditoria_fuga"
"157","VBP","derivado_local","excluido_hasta_auditoria_fuga"
"158","EAC","derivado_local","excluido_hasta_auditoria_fuga"
"159","OGO","derivado_local","excluido_hasta_auditoria_fuga"
"160","VUMPEEI","derivado_local","excluido_hasta_auditoria_fuga"
"161","CI","derivado_local","excluido_hasta_auditoria_fuga"
"162","VA","derivado_local","excluido_hasta_auditoria_fuga"
"163","SSB","derivado_local","excluido_hasta_auditoria_fuga"
"164","OPP","derivado_local","excluido_hasta_auditoria_fuga"
"165","PS","derivado_local","excluido_hasta_auditoria_fuga"
"166","R","derivado_local","excluido_hasta_auditoria_fuga"
"167","D","derivado_local","excluido_hasta_auditoria_fuga"
