id,phase,title,status,depends_on,gate,acceptance_ids,evidence_paths,reviewer,reviewed_at,last_updated,notes
T01,Documentacion,Corregir y enlazar documentacion heredada,completado,,G0,A01,docs/implementacion/evidencias/T01_documentacion_2026-09-28.md,Codex,2026-09-28,2026-09-28,
T02,Documentacion,Inventariar variables y decidir objetivo,completado,T01,G0,A02,docs/implementacion/evidencias/T02_inventario_objetivo_2026-09-28.md,Codex,2026-09-28,2026-09-28,
T03,Datos,Definir limpieza de faltantes unidades y sentinelas,completado,T02,G1,A03,docs/implementacion/evidencias/T03_limpieza_unidades_sentinelas_2026-09-28.md,Codebuff,2026-09-28,2026-09-28,Decisiones D05 y D07 cerradas
T04,Datos,Definir agregaciones filtros y supresion de grupos,completado,T02|T03,G1,A04,docs/implementacion/evidencias/T04_agregacion_supresion_2026-09-28.md,Codebuff,2026-09-28,2026-09-28,Umbral MIN_CELL_N=5; denominador compartido verificado
T05,Datos,Probar contratos y generar informe de calidad,completado,T03|T04,G1,A03|A04,docs/implementacion/evidencias/T05_informe_calidad_2026-09-28.md,Codebuff,2026-09-28,2026-09-28,6/6 pruebas OK; run_id PRE-20260928-d004f6ddd436
T06,Modelo,Definir protocolo particion y metas antes de entrenar,completado,T05,G2,A05,docs/implementacion/evidencias/T06_protocolo_entrenamiento_2026-09-28.md,Codebuff,2026-09-28,2026-09-28,Protocolo predefinido; D06 cerrada
T07,Modelo,Reentrenar y evaluar globalmente y por subgrupo,completado,T06,G2,A05,docs/implementacion/evidencias/T07_evaluacion_subgrupos_2026-09-28.md,Codebuff,2026-09-28,2026-09-28,RUN-20260928-b3cfc0795ed7; D06 cumplida
T08,Modelo,Calibrar y evaluar intervalos predictivos,completado,T07,G2,A06,docs/implementacion/evidencias/T08_intervalo_conformal_2026-09-28.md,Codebuff,2026-09-28,2026-09-28,Conformal 88.27pct en [85;95]; D02 cerrada
T09,Modelo,Empaquetar artefactos de una sola ejecucion,completado,T07|T08,G2,A07,docs/implementacion/evidencias/T09_paquete_artefactos_2026-09-28.md,Codebuff,2026-09-28,2026-09-28,manifest.json con 6 hashes OK
T10,Servicio,Implementar carga atomica contratos y metadatos API,completado,T09,G3,A07|A08,docs/implementacion/evidencias/T10_carga_atomica_meta_2026-09-28.md,Codebuff,2026-09-28,2026-09-28,Guard 503 y meta de contrato; 26/26 tests
T11,Servicio,Aplicar politica de acceso y senales agregadas,completado,T04|T10,G3,A08,docs/implementacion/evidencias/T11_politica_acceso_D04_2026-09-28.md,Codebuff,2026-09-28,2026-09-28,D04: individual 403; senales descriptivas
T12,Servicio,Probar API validacion y errores,completado,T10|T11,G3,A08,docs/implementacion/evidencias/T12_api_validacion_errores_2026-09-28.md,Codebuff,2026-09-28,2026-09-28,12 pruebas API; D03 cerrada
T13,Interfaz,Reorganizar panel y sistema de filtros,completado,T12,G4,A09,docs/implementacion/evidencias/T13_recorrido_filtros_2026-09-28.md,Codebuff,2026-09-28,2026-09-28,KPI extracto vs marco separados; filtros unicos
T14,Interfaz,Corregir visualizaciones exploratorias,completado,T13,G4,A09,docs/implementacion/evidencias/T14_visualizaciones_exploratorias_2026-09-28.md,Codebuff,2026-09-28,2026-09-28,N por grupo; supresion D05 visible
T15,Interfaz,Corregir comparaciones y diagnosticos de modelos,completado,T13,G4,A09,docs/implementacion/evidencias/T15_comparaciones_diagnosticos_2026-09-28.md,Codebuff,2026-09-28,2026-09-28,MedAPE en eje propio; conformal D02 en panel
T16,Interfaz,Revisar accesibilidad estados y consistencia visual,completado,T14|T15,G4,A09,docs/implementacion/evidencias/T16_accesibilidad_consistencia_2026-09-28.md|docs/implementacion/evidencias/T16_revision_ventanas_mlops_2026-09-29.md,Codebuff,2026-09-29,2026-09-29,Rotulacion descriptiva; simulador alineado a D07; ventanas MLOps sincronizadas con API
T17,Operacion,Implementar telemetria y drift real,completado,T12|T16,G5,A10,docs/implementacion/evidencias/T17_telemetria_drift_real_2026-09-29.md,Codebuff,2026-09-29,2026-09-29,Telemetria JSONL real; drift KS Bonferroni; scripts en tests/integracion; 5/5 estable y 5/5 detectado
T18,Operacion,Ejecutar pruebas integrales y revision estadistica,completado,T16|T17,G5,A11,docs/implementacion/evidencias/T18_pruebas_integrales_2026-09-29.md,Codebuff,2026-09-29,2026-09-29,32/32 pruebas; verificacion_integral.py TODO OK; D02 y D06 cumplidas
T19,Operacion,Actualizar guias y emitir acta de entrega,completado,T18,G5,A11,docs/implementacion/evidencias/ACTA_ENTREGA_2026-09-29.md,Codebuff,2026-09-29,2026-09-29,Acta con run_id metricas limitaciones y decision D04; guias actualizadas
